<?xml version="1.0" encoding="UTF-8"?>

<!-- generated on 2023년 11월 03일 (금) 오후 07시 34분 41초 by Eclipse SUMO GUI Version 1.8.0
<configuration xmlns:xsi="http://www.w3.org/2001/XMLSchema-instance" xsi:noNamespaceSchemaLocation="http://sumo.dlr.de/xsd/sumoConfiguration.xsd">

    <input>
        <net-file value="/home/jwl/sumoproject/Updated/9x9grid.net.xml"/>
        <route-files value="/home/jwl/sumoproject/Updated/bus.rou.xml"/>
        <additional-files value="/home/jwl/sumoproject/Updated/test.add.xml"/>
    </input>

    <output>
        <tripinfo-output value="tripinfo.xml"/>
    </output>

    <time>
        <begin value="0"/>
        <end value="3600"/>
    </time>

    <traci_server>
        <remote-port value="58305"/>
    </traci_server>

    <gui_only>
        <delay value="100"/>
    </gui_only>

</configuration>
-->

<tripinfos xmlns:xsi="http://www.w3.org/2001/XMLSchema-instance" xsi:noNamespaceSchemaLocation="http://sumo.dlr.de/xsd/tripinfo_file.xsd">
</tripinfos>
