<?xml version="1.0" encoding="UTF-8"?>

<!-- generated on 2023년 11월 15일 (수) 오후 07시 19분 57초 by Eclipse SUMO GUI Version 1.8.0
<configuration xmlns:xsi="http://www.w3.org/2001/XMLSchema-instance" xsi:noNamespaceSchemaLocation="http://sumo.dlr.de/xsd/sumoConfiguration.xsd">

    <input>
        <net-file value="/home/jwl/sumoproject/Updated/9x9grid.net.xml"/>
        <route-files value="/home/jwl/sumoproject/Updated/bus.rou.xml"/>
        <additional-files value="/home/jwl/sumoproject/Updated/test.add.xml"/>
    </input>

    <output>
        <tripinfo-output value="tripinfo.xml"/>
        <stop-output value="stopoutput.xml"/>
    </output>

    <time>
        <begin value="0"/>
        <end value="3600"/>
    </time>

    <processing>
        <time-to-teleport value="-1"/>
    </processing>

    <traci_server>
        <remote-port value="50835"/>
    </traci_server>

    <gui_only>
        <delay value="100"/>
    </gui_only>

</configuration>
-->

<stops xmlns:xsi="http://www.w3.org/2001/XMLSchema-instance" xsi:noNamespaceSchemaLocation="http://sumo.dlr.de/xsd/stopinfo_file.xsd">
    <stopinfo id="route_1.0" type="bus" lane="UP_1" pos="27.08" parking="0" started="8.00" ended="18.00" delay="-1.00" initialPersons="0" loadedPersons="5" unloadedPersons="0" initialContainers="0" loadedContainers="0" unloadedContainers="0" busStop="S2"/>
    <stopinfo id="route_2.0" type="bus" lane="UP_1" pos="27.07" parking="0" started="27.00" ended="37.00" delay="-1.00" initialPersons="0" loadedPersons="0" unloadedPersons="0" initialContainers="0" loadedContainers="0" unloadedContainers="0" busStop="S2"/>
    <stopinfo id="route_1.0" type="bus" lane="B1_1" pos="26.51" parking="0" started="30.00" ended="40.00" delay="-1.00" initialPersons="5" loadedPersons="0" unloadedPersons="0" initialContainers="0" loadedContainers="0" unloadedContainers="0" busStop="S5"/>
    <stopinfo id="route_3.0" type="bus" lane="UP_1" pos="27.06" parking="0" started="45.00" ended="55.00" delay="-1.00" initialPersons="0" loadedPersons="0" unloadedPersons="0" initialContainers="0" loadedContainers="0" unloadedContainers="0" busStop="S2"/>
    <stopinfo id="route_1.0" type="bus" lane="B2_1" pos="27.23" parking="0" started="52.00" ended="62.00" delay="-1.00" initialPersons="5" loadedPersons="0" unloadedPersons="0" initialContainers="0" loadedContainers="0" unloadedContainers="0" busStop="S7"/>
    <stopinfo id="route_2.0" type="bus" lane="-gneE75_1" pos="27.84" parking="0" started="61.00" ended="71.00" delay="-1.00" initialPersons="0" loadedPersons="0" unloadedPersons="0" initialContainers="0" loadedContainers="0" unloadedContainers="0" busStop="S12"/>
    <stopinfo id="route_4.0" type="bus" lane="UP_1" pos="27.08" parking="0" started="65.00" ended="75.00" delay="-1.00" initialPersons="0" loadedPersons="0" unloadedPersons="0" initialContainers="0" loadedContainers="0" unloadedContainers="0" busStop="S2"/>
    <stopinfo id="route_1.0" type="bus" lane="RM_1" pos="31.51" parking="0" started="75.00" ended="85.00" delay="-1.00" initialPersons="5" loadedPersons="0" unloadedPersons="0" initialContainers="0" loadedContainers="0" unloadedContainers="0" busStop="S10"/>
    <stopinfo id="route_3.0" type="bus" lane="-gneE75_1" pos="27.85" parking="0" started="79.00" ended="89.00" delay="-1.00" initialPersons="0" loadedPersons="0" unloadedPersons="0" initialContainers="0" loadedContainers="0" unloadedContainers="0" busStop="S12"/>
    <stopinfo id="route_5.0" type="bus" lane="UP_1" pos="27.07" parking="0" started="83.00" ended="93.00" delay="-1.00" initialPersons="0" loadedPersons="0" unloadedPersons="0" initialContainers="0" loadedContainers="0" unloadedContainers="0" busStop="S2"/>
    <stopinfo id="route_2.0" type="bus" lane="-gneE71_1" pos="27.91" parking="0" started="95.00" ended="105.00" delay="-1.00" initialPersons="0" loadedPersons="0" unloadedPersons="0" initialContainers="0" loadedContainers="0" unloadedContainers="0" busStop="S26"/>
    <stopinfo id="route_1.0" type="bus" lane="MN_1" pos="35.85" parking="0" started="97.00" ended="107.00" delay="-1.00" initialPersons="5" loadedPersons="0" unloadedPersons="0" initialContainers="0" loadedContainers="0" unloadedContainers="0" busStop="S13"/>
    <stopinfo id="route_4.0" type="bus" lane="-gneE75_1" pos="27.84" parking="0" started="98.00" ended="108.00" delay="-1.00" initialPersons="0" loadedPersons="0" unloadedPersons="0" initialContainers="0" loadedContainers="0" unloadedContainers="0" busStop="S12"/>
    <stopinfo id="route_6.0" type="bus" lane="UP_1" pos="27.08" parking="0" started="100.00" ended="110.00" delay="-1.00" initialPersons="0" loadedPersons="0" unloadedPersons="0" initialContainers="0" loadedContainers="0" unloadedContainers="0" busStop="S2"/>
    <stopinfo id="route_7.0" type="bus" lane="UP_1" pos="27.06" parking="0" started="117.00" ended="127.00" delay="-1.00" initialPersons="0" loadedPersons="0" unloadedPersons="0" initialContainers="0" loadedContainers="0" unloadedContainers="0" busStop="S2"/>
    <stopinfo id="route_5.0" type="bus" lane="HI_1" pos="33.20" parking="0" started="130.00" ended="140.00" delay="-1.00" initialPersons="0" loadedPersons="0" unloadedPersons="0" initialContainers="0" loadedContainers="0" unloadedContainers="0" busStop="S16"/>
    <stopinfo id="route_3.0" type="bus" lane="gneE31_1" pos="31.05" parking="0" started="134.00" ended="144.00" delay="-1.00" initialPersons="0" loadedPersons="0" unloadedPersons="0" initialContainers="0" loadedContainers="0" unloadedContainers="0" busStop="S29"/>
    <stopinfo id="route_8.0" type="bus" lane="UP_1" pos="27.08" parking="0" started="134.00" ended="144.00" delay="-1.00" initialPersons="0" loadedPersons="0" unloadedPersons="0" initialContainers="0" loadedContainers="0" unloadedContainers="0" busStop="S2"/>
    <stopinfo id="route_1.0" type="bus" lane="gneE17_1" pos="31.61" parking="0" started="135.00" ended="145.00" delay="-1.00" initialPersons="5" loadedPersons="0" unloadedPersons="1" initialContainers="0" loadedContainers="0" unloadedContainers="0" busStop="S22"/>
    <stopinfo id="route_7.0" type="bus" lane="B1_1" pos="26.50" parking="0" started="139.00" ended="149.00" delay="-1.00" initialPersons="0" loadedPersons="0" unloadedPersons="0" initialContainers="0" loadedContainers="0" unloadedContainers="0" busStop="S5"/>
    <stopinfo id="route_2.0" type="bus" lane="gneE66_1" pos="23.42" parking="0" started="140.00" ended="150.00" delay="-1.00" initialPersons="0" loadedPersons="0" unloadedPersons="0" initialContainers="0" loadedContainers="0" unloadedContainers="0" busStop="S38"/>
    <stopinfo id="route_4.0" type="bus" lane="gneE30_1" pos="30.83" parking="0" started="146.00" ended="156.00" delay="-1.00" initialPersons="0" loadedPersons="0" unloadedPersons="0" initialContainers="0" loadedContainers="0" unloadedContainers="0" busStop="S28"/>
    <stopinfo id="route_6.0" type="bus" lane="HI_1" pos="33.22" parking="0" started="149.00" ended="159.00" delay="-1.00" initialPersons="0" loadedPersons="0" unloadedPersons="0" initialContainers="0" loadedContainers="0" unloadedContainers="0" busStop="S16"/>
    <stopinfo id="route_9.0" type="bus" lane="UP_1" pos="27.07" parking="0" started="152.00" ended="162.00" delay="-1.00" initialPersons="0" loadedPersons="0" unloadedPersons="0" initialContainers="0" loadedContainers="0" unloadedContainers="0" busStop="S2"/>
    <stopinfo id="route_7.0" type="bus" lane="QL_1" pos="26.33" parking="0" started="161.00" ended="171.00" delay="-1.00" initialPersons="0" loadedPersons="0" unloadedPersons="0" initialContainers="0" loadedContainers="0" unloadedContainers="0" busStop="S8"/>
    <stopinfo id="route_5.0" type="bus" lane="gneE17_1" pos="31.59" parking="0" started="163.00" ended="173.00" delay="-1.00" initialPersons="0" loadedPersons="0" unloadedPersons="0" initialContainers="0" loadedContainers="0" unloadedContainers="0" busStop="S22"/>
    <stopinfo id="route_3.0" type="bus" lane="gneE34_1" pos="27.56" parking="0" started="167.00" ended="177.00" delay="-1.00" initialPersons="0" loadedPersons="0" unloadedPersons="0" initialContainers="0" loadedContainers="0" unloadedContainers="0" busStop="S34"/>
    <stopinfo id="route_8.0" type="bus" lane="-gneE75_1" pos="27.84" parking="0" started="169.00" ended="179.00" delay="-1.00" initialPersons="0" loadedPersons="0" unloadedPersons="0" initialContainers="0" loadedContainers="0" unloadedContainers="0" busStop="S12"/>
    <stopinfo id="route_10.0" type="bus" lane="UP_1" pos="27.07" parking="0" started="169.00" ended="179.00" delay="-1.00" initialPersons="0" loadedPersons="0" unloadedPersons="0" initialContainers="0" loadedContainers="0" unloadedContainers="0" busStop="S2"/>
    <stopinfo id="route_4.0" type="bus" lane="-gneE122_1" pos="25.78" parking="0" started="179.00" ended="189.00" delay="-1.00" initialPersons="0" loadedPersons="0" unloadedPersons="0" initialContainers="0" loadedContainers="0" unloadedContainers="0" busStop="S37"/>
    <stopinfo id="route_6.0" type="bus" lane="-gneE90_1" pos="35.03" parking="0" started="180.00" ended="190.00" delay="-1.00" initialPersons="0" loadedPersons="0" unloadedPersons="0" initialContainers="0" loadedContainers="0" unloadedContainers="0" busStop="S25"/>
    <stopinfo id="route_2.0" type="bus" lane="gneE70_1" pos="26.69" parking="0" started="181.00" ended="191.00" delay="-1.00" initialPersons="0" loadedPersons="0" unloadedPersons="0" initialContainers="0" loadedContainers="0" unloadedContainers="0" busStop="S50"/>
    <stopinfo id="route_7.0" type="bus" lane="LM_1" pos="35.63" parking="0" started="184.00" ended="194.00" delay="-1.00" initialPersons="0" loadedPersons="0" unloadedPersons="0" initialContainers="0" loadedContainers="0" unloadedContainers="0" busStop="S11"/>
    <stopinfo id="route_1.0" type="bus" lane="gneE34_1" pos="27.54" parking="0" started="185.00" ended="195.00" delay="-1.00" initialPersons="4" loadedPersons="0" unloadedPersons="0" initialContainers="0" loadedContainers="0" unloadedContainers="0" busStop="S34"/>
    <stopinfo id="route_1.1" type="bus" lane="UP_1" pos="27.06" parking="0" started="187.00" ended="197.00" delay="-1.00" initialPersons="0" loadedPersons="0" unloadedPersons="0" initialContainers="0" loadedContainers="0" unloadedContainers="0" busStop="S2"/>
    <stopinfo id="route_10.0" type="bus" lane="-gneE75_1" pos="27.83" parking="0" started="204.00" ended="214.00" delay="-1.00" initialPersons="0" loadedPersons="0" unloadedPersons="0" initialContainers="0" loadedContainers="0" unloadedContainers="0" busStop="S12"/>
    <stopinfo id="route_9.0" type="bus" lane="IJ_1" pos="29.56" parking="0" started="205.00" ended="215.00" delay="-1.00" initialPersons="0" loadedPersons="0" unloadedPersons="0" initialContainers="0" loadedContainers="0" unloadedContainers="0" busStop="S17"/>
    <stopinfo id="route_7.0" type="bus" lane="MH_1" pos="30.10" parking="0" started="205.00" ended="215.00" delay="-1.00" initialPersons="0" loadedPersons="0" unloadedPersons="0" initialContainers="0" loadedContainers="0" unloadedContainers="0" busStop="S14"/>
    <stopinfo id="route_2.1" type="bus" lane="UP_1" pos="27.04" parking="0" started="205.00" ended="215.00" delay="-1.00" initialPersons="0" loadedPersons="0" unloadedPersons="0" initialContainers="0" loadedContainers="0" unloadedContainers="0" busStop="S2"/>
    <stopinfo id="route_3.0" type="bus" lane="-gneE138_1" pos="30.64" parking="0" started="208.00" ended="218.00" delay="-1.00" initialPersons="0" loadedPersons="0" unloadedPersons="0" initialContainers="0" loadedContainers="0" unloadedContainers="0" busStop="S49"/>
    <stopinfo id="route_5.0" type="bus" lane="-gneE97_1" pos="30.49" parking="0" started="209.00" ended="219.00" delay="-1.00" initialPersons="0" loadedPersons="0" unloadedPersons="0" initialContainers="0" loadedContainers="0" unloadedContainers="0" busStop="S33"/>
    <stopinfo id="route_1.1" type="bus" lane="B1_1" pos="26.51" parking="0" started="210.00" ended="220.00" delay="-1.00" initialPersons="0" loadedPersons="0" unloadedPersons="0" initialContainers="0" loadedContainers="0" unloadedContainers="0" busStop="S5"/>
    <stopinfo id="route_6.0" type="bus" lane="gneE40_1" pos="31.54" parking="0" started="214.00" ended="224.00" delay="-1.00" initialPersons="0" loadedPersons="0" unloadedPersons="0" initialContainers="0" loadedContainers="0" unloadedContainers="0" busStop="S32"/>
    <stopinfo id="route_4.0" type="bus" lane="gneE70_1" pos="26.70" parking="0" started="222.00" ended="232.00" delay="-1.00" initialPersons="0" loadedPersons="0" unloadedPersons="0" initialContainers="0" loadedContainers="0" unloadedContainers="0" busStop="S50"/>
    <stopinfo id="route_3.1" type="bus" lane="UP_1" pos="27.08" parking="0" started="223.00" ended="233.00" delay="-1.00" initialPersons="0" loadedPersons="0" unloadedPersons="0" initialContainers="0" loadedContainers="0" unloadedContainers="0" busStop="S2"/>
    <stopinfo id="route_7.0" type="bus" lane="HI_1" pos="33.22" parking="0" started="226.00" ended="236.00" delay="-1.00" initialPersons="0" loadedPersons="0" unloadedPersons="0" initialContainers="0" loadedContainers="0" unloadedContainers="0" busStop="S16"/>
    <stopinfo id="route_1.0" type="bus" lane="-gneE138_1" pos="30.66" parking="0" started="227.00" ended="237.00" delay="-1.00" initialPersons="4" loadedPersons="0" unloadedPersons="0" initialContainers="0" loadedContainers="0" unloadedContainers="0" busStop="S49"/>
</stops>
