<?xml version="1.0" encoding="UTF-8"?>

<!-- generated on 2023년 11월 15일 (수) 오후 07시 19분 57초 by Eclipse SUMO GUI Version 1.8.0
<configuration xmlns:xsi="http://www.w3.org/2001/XMLSchema-instance" xsi:noNamespaceSchemaLocation="http://sumo.dlr.de/xsd/sumoConfiguration.xsd">

    <input>
        <net-file value="/home/jwl/sumoproject/Updated/9x9grid.net.xml"/>
        <route-files value="/home/jwl/sumoproject/Updated/bus.rou.xml"/>
        <additional-files value="/home/jwl/sumoproject/Updated/test.add.xml"/>
    </input>

    <output>
        <tripinfo-output value="tripinfo.xml"/>
        <stop-output value="stopoutput.xml"/>
    </output>

    <time>
        <begin value="0"/>
        <end value="3600"/>
    </time>

    <processing>
        <time-to-teleport value="-1"/>
    </processing>

    <traci_server>
        <remote-port value="50835"/>
    </traci_server>

    <gui_only>
        <delay value="100"/>
    </gui_only>

</configuration>
-->

<tripinfos xmlns:xsi="http://www.w3.org/2001/XMLSchema-instance" xsi:noNamespaceSchemaLocation="http://sumo.dlr.de/xsd/tripinfo_file.xsd">
    <personinfo id="person_1" depart="0.00" type="DEFAULT_PEDTYPE">
        <ride waitingTime="18.00" vehicle="route_1.0" depart="18.00" arrival="135.00" arrivalPos="31.61" duration="117.00" routeLength="394.22" timeLoss="45.56"/>
    </personinfo>
    <tripinfo id="route_2.0" depart="6.00" departLane="UP_1" departPos="12.10" departSpeed="0.00" departDelay="6.00" arrival="196.00" arrivalLane="gneE70_1" arrivalPos="41.30" arrivalSpeed="5.51" duration="190.00" routeLength="879.99" waitingTime="10.00" waitingCount="1" stopTime="50.00" timeLoss="75.40" rerouteNo="0" devices="tripinfo_route_2.0" vType="bus" speedFactor="1.00" vaporized=""/>
    <tripinfo id="route_3.0" depart="25.00" departLane="UP_1" departPos="12.10" departSpeed="0.00" departDelay="25.00" arrival="221.00" arrivalLane="-gneE138_1" arrivalPos="39.30" arrivalSpeed="3.65" duration="196.00" routeLength="875.82" waitingTime="11.00" waitingCount="2" stopTime="50.00" timeLoss="81.80" rerouteNo="0" devices="tripinfo_route_3.0" vType="bus" speedFactor="1.00" vaporized=""/>
    <tripinfo id="route_4.0" depart="43.00" departLane="UP_1" departPos="12.10" departSpeed="0.00" departDelay="43.00" arrival="236.00" arrivalLane="gneE70_1" arrivalPos="41.30" arrivalSpeed="4.83" duration="193.00" routeLength="876.43" waitingTime="11.00" waitingCount="2" stopTime="50.00" timeLoss="78.09" rerouteNo="0" devices="tripinfo_route_4.0" vType="bus" speedFactor="1.00" vaporized=""/>
    <personinfo id="person_0" depart="0.00" type="DEFAULT_PEDTYPE">
        <ride waitingTime="18.00" vehicle="route_1.0" depart="18.00" arrival="240.00" arrivalPos="39.30" duration="222.00" routeLength="846.63" timeLoss="86.60"/>
    </personinfo>
    <personinfo id="person_2" depart="0.00" type="DEFAULT_PEDTYPE">
        <ride waitingTime="18.00" vehicle="route_1.0" depart="18.00" arrival="240.00" arrivalPos="39.30" duration="222.00" routeLength="846.63" timeLoss="86.60"/>
    </personinfo>
    <personinfo id="person_3" depart="0.00" type="DEFAULT_PEDTYPE">
        <ride waitingTime="18.00" vehicle="route_1.0" depart="18.00" arrival="240.00" arrivalPos="39.30" duration="222.00" routeLength="846.59" timeLoss="86.60"/>
    </personinfo>
    <personinfo id="person_4" depart="0.00" type="DEFAULT_PEDTYPE">
        <ride waitingTime="18.00" vehicle="route_1.0" depart="18.00" arrival="240.00" arrivalPos="39.30" duration="222.00" routeLength="846.59" timeLoss="86.60"/>
    </personinfo>
    <tripinfo id="route_1.0" depart="0.00" departLane="UP_1" departPos="12.10" departSpeed="0.00" departDelay="0.00" arrival="240.00" arrivalLane="-gneE138_1" arrivalPos="39.30" arrivalSpeed="3.96" duration="240.00" routeLength="861.57" waitingTime="1.00" waitingCount="1" stopTime="80.00" timeLoss="92.52" rerouteNo="1" devices="tripinfo_route_1.0 routing_route_1.0 person_route_1.0" vType="bus" speedFactor="1.00" vaporized=""/>
</tripinfos>
